Unnamed: 0;INSTITUICAO;GRUPO;DATA_CRIACAO;LIDER;LIDER2;AREA;BUSCA;ESTADO
;Universidade Federal Rural do Rio de Janeiro;Água e Solos em Agroecossistemas;07/12/2022;Rosane Ferreira de Oliveira;Rosane Ferreira de Oliveira;Ciências Agrárias;NFT;Rio de Janeiro
;FUNDACAO EDUCACIONAL INACIANA PADRE SABOIA DE MEDEIROS;Indústria 4.0;24/06/2022;Fábio Lima;-;Engenharias;NFT;São Paulo
;Universidade Tecnológica Federal do Paraná;LAIPSE - Laboratório de Análise Inteligente em Processos e Sistemas ;28/04/2023;Narco Afonso Ravazzoli ;-;Engenharias;NFT;Paraná
;Universidade Federal do Sul e Sudeste do Pará;GEOMEROS - GEOSSISTEMAS, MODELIZAÇÃO GRÁFICA COM ;02/05/2023;Maria Rita Vidal;Maria Rita Vidal;Ciências Humanas;Realidade Aumentada;Pará
;Universidade Federal do Piauí;[AVC Group] Applied Visual Computing Group / Grupo de Computação Visual ;21/09/2022;Laurindo de Sousa Britto Neto;-;Ciências Exatas e da Terra;Realidade Aumentada;Piauí
;Universidade Federal de Alfenas;Análise Espacial e Dinâmica Ambiental;22/11/2021;Lineo Aparecido Gaspar Junior;Lineo Aparecido Gaspar Junior;Ciências Humanas;Realidade Aumentada;Minas Gerais
;Centro Universitário Academia - UniAcademia;Cidade, memória e interatividade;20/07/2022;Thiago Luiz Berzoini Machado;-;Ciências Sociais Aplicadas;Realidade Aumentada;Minas Gerais
;Universidade Federal do Rio Grande do Sul;Computação Gráfica, Processamento de Imagens e Interação;11/08/2022;Carla Maria Dal Sasso Freitas;-;Ciências Exatas e da Terra;Realidade Aumentada;Rio Grande do Sul
;Insper Instituto de Ensino e Pesquisa;Computação Visual;19/09/2022;Luciano Pereira Soares;-;Engenharias;Realidade Aumentada;São Paulo
;Universidade Estadual de Campinas;Computação Visual;19/04/2023;José Mario De Martino;-;Ciências Exatas e da Terra;Realidade Aumentada;São Paulo
;Universidade Estadual do Oeste do Paraná;Computação Visual Aplicada;26/04/2023;Fabiana Frata Furlan Peres;-;Ciências Exatas e da Terra;Realidade Aumentada;Paraná
;Universidade Federal de Alagoas;Comunidades Virtuais UFAL;06/05/2023;Fernando Silvio Cavalcante ;-;Ciências Humanas;Realidade Aumentada;Alagoas
;Fundação Getúlio Vargas;Cubo de Inovação - Laboratório de Pesquisa e Produção em Ambientes ;10/02/2023;Alessandra Cristina da Silva ;-;Ciências Sociais Aplicadas;Realidade Aumentada;Goiás
;Universidade do Extremo Sul Catarinense;Desenvolvimento em Realidade Aumentada e Dispositivos Móveis;09/03/2023;Luciano Antunes;Rogerio Antonio Casagrande;Ciências Exatas e da Terra;Realidade Aumentada;Santa Catarina
;Universidade Estadual de Londrina;Design de conteúdo para mídias digitais;27/03/2023;Rodrigo Martins de Oliveira Spinosa;Rodrigo Martins de Oliveira Spinosa;Ciências Sociais Aplicadas;Realidade Aumentada;Paraná
;Universidade Federal da Bahia;Elétrico - Grupo de Pesquisa em Ciberdança;11/04/2023;Mirella de Medeiros Misi;Mirella de Medeiros Misi;Lingüística, Letras e Artes;Realidade Aumentada;Bahia
;Universidade Federal de Minas Gerais;Ensino de Projeto - Arquitetura e Urbanismo;01/09/2022;Maurício José Laguardia ;Maria Lúcia Malard;Ciências Sociais Aplicadas;Realidade Aumentada;Minas Gerais
;Universidade de Pernambuco;ERGONOMIA, HIGIENE E SEGURANÇA DO TRABALHO;10/02/2023;Bianca Maria Vasconcelos ;-;Engenharias;Realidade Aumentada;Pernambuco
;Universidade do Estado de Minas Gerais;Fotografia e Conhecimento;06/02/2023;Gabriel Malard Monteiro;-;Lingüística, Letras e Artes;Realidade Aumentada;Minas Gerais
;Universidade Salvador;GAMA - Grupo de Pesquisas em Aplicações Multimídia Avançadas;19/07/2022;Paulo Nazareno Maia Sampaio;-;Ciências Exatas e da Terra;Realidade Aumentada;Bahia
;Universidade Presbiteriana Mackenzie;Games, Educação, Tecnologia e Sociedade (GETS);18/01/2023;Pollyana Coelho da Silva ;-;Engenharias;Realidade Aumentada;São Paulo
;Universidade Federal de Juiz de Fora;GCG - Grupo de Computação Gráfica, Imagem e Visão;15/07/2022;Marcelo Bernardes Vieira;Rodrigo Luis de Souza da Silva;Ciências Exatas e da Terra;Realidade Aumentada;Minas Gerais
;Universidade Federal de Santa Maria;GEdAI - Grupo de Estudos Avançados e Interdisciplinares em Engenharia ;09/03/2023;Marcelo Serrano Zanetti;Marcos Hideo Maruo;Engenharias;Realidade Aumentada;Rio Grande do Sul
;Universidade Federal Rural do Semi-Árido;GERQS - Grupo de Engenharia de Requisitos e Qualidade de Software;23/08/2022;Joêmia Leilane Gomes de ;Welliana Benevides Ramalho;Ciências Exatas e da Terra;Realidade Aumentada;Rio Grande do Norte
;Centro Universitário Ingá;Gestão e Digitalização da Indústria (GEDIN);19/03/2023;Arthur Felipe Echs Lucena;-;Engenharias;Realidade Aumentada;Paraná
;Universidade Estadual Paulista Júlio de Mesquita Filho;GIIP - Grupo Internacional e Interinstitucional de Pesquisa em Arte, ;20/05/2023;Fernanda Carolina Armando Duarte;Fernanda Carolina Armando Duarte;Lingüística, Letras e Artes;Realidade Aumentada;São Paulo
;Instituto Federal da Bahia;GIPAR - Grupo de Inovação e Pesquisa em Automação e Robótica;08/05/2023;Joao Erivando Soares Marques;Joao Erivando Soares Marques;Engenharias;Realidade Aumentada;Bahia
;Instituto Federal de Pernambuco;GPADS - Grupo de Pesquisa Aplicada em Desenvolvimento de Sistemas;21/12/2022;Anderson Luiz Souza Moreira;Anderson Luiz Souza Moreira;Ciências Exatas e da Terra;Realidade Aumentada;Pernambuco
;Instituto Federal do Triângulo Mineiro;GPETEC - Grupo de Pesquisa em Educação, Tecnologia e Ciências.;04/05/2023;Kenedy Lopes Nogueira;Walteno Martins Parreira Júnior;Ciências Exatas e da Terra;Realidade Aumentada;Minas Gerais
;Instituto Federal de Educação, Ciência e Tecnologia do Rio Grande do Sul;GPTEC - Grupo de Pesquisa em Tecnologias Eletroeletrônicas e ;29/06/2022;Leonardo Bandeira Soares;-;Engenharias;Realidade Aumentada;Rio Grande do Sul
;Instituto Federal do Ceará;GREPET (Grupo de Pesquisa em Inovação de Recursos Didáticos, ;17/05/2023;Sandro César Silveira Jucá;-;Outra;Realidade Aumentada;Ceará
;Universidade do Estado de Mato Grosso;Grupo de Computação apliCada ;13/12/2022;Marcelo Leandro Holzschuh;Marcelo Leandro Holzschuh;Ciências Exatas e da Terra;Realidade Aumentada;Mato Grosso
;Instituto Federal de Educação, Ciência e Tecnologia do Espírito Santo;Grupo de Estudos e Pesquisas em Educação Matemática do Espírito Santo ;17/10/2022;Rony Cláudio de Oliveira Freitas;Rony Cláudio de Oliveira Freitas;Ciências Humanas;Realidade Aumentada;Espírito Santo
;Instituto Federal  Minas Gerais;Grupo de Inteligência Computacional Aplicada;23/03/2023;Frederico Gadelha Guimarães;Frederico Gadelha Guimarães;Engenharias;Realidade Aumentada;Minas Gerais
;Universidade Federal de Lavras;Grupo de Pesquisa e Desenvolvimento em Tecnologias para Inovação ;30/11/2022;Patricia Vasconcelos ;Patricia Vasconcelos Almeida;Ciências Humanas;Realidade Aumentada;Universidade Federal de Lavras
;Instituto Federal de Educação, Ciência e Tecnologia da Paraíba - IFPB;Grupo de Pesquisa em Engenharia de Software Aplicada;23/02/2023;Heremita Brasileiro Lira;Francisco Petrônio Alencar de Medeiros;Ciências Exatas e da Terra;Realidade Aumentada;Paraíba
;Universidade Federal do Rio Grande do Norte;Grupo de Pesquisa em Indústria 4.0;30/01/2023;Efrain Pantaleón Matamoros;Efrain Pantaleón Matamoros;Ciências Exatas e da Terra;Realidade Aumentada;Rio Grande do Norte
;Universidade Estadual da Paraíba;Grupo de Pesquisa em Jornalismo e Mobilidade - MOBJOR;09/10/2022;Fernando Firmino da Silva;-;Ciências Sociais Aplicadas;Realidade Aumentada;Paraíba
;Universidade Federal de Jataí;Grupo de Pesquisa em Realidade Virtual e Aumentada de Goiás (GRVG);09/12/2022;Marcos Wagner de Souza Ribeiro;Ana Carolina Gondim Inocêncio;Ciências Exatas e da Terra;Realidade Aumentada;Goiás
;Universidade do Estado do Rio de Janeiro;Grupo de Pesquisa em Tecnologias Disruptivas no Ensino de Ciências ;13/04/2023;Waldiney Cavalcante de ;Tiago Savignon Cardoso Machado;Ciências Biológicas;Realidade Aumentada;Rio de Janeiro
;Instituto Federal de São Paulo;Grupo de Pesquisa em Visão Computacional e Inteligência Artificial ;20/10/2022;Renato Correia de Barros;-;Ciências Exatas e da Terra;Realidade Aumentada;São Paulo
;Universidade Federal de Roraima;Grupo de Processamento Gráfico - GPG;15/03/2023;Luciano Ferreira Silva;-;Ciências Exatas e da Terra;Realidade Aumentada;Roraima
;Universidade Federal de Uberlândia;Grupo de Realidade Virtual e Aumentada - GRVA UFU;31/03/2023;Júnior Edgard Lamounier;Júnior Edgard Lamounier;Engenharias;Realidade Aumentada;Minas Gerais
;Universidade de Uberaba;Grupo de Tecnologia e Inovação - GTI UNIUBE;26/09/2022;Luciene Chagas de Oliveira;-;Ciências Exatas e da Terra;Realidade Aumentada;Minas Gerais
;Universidade Estadual de Ponta Grossa;Grupo de Tecnologias Educacionais em Matemática - GTEM;09/03/2023;Luciane Grossi;Fabiane de Oliveira;Ciências Humanas;Realidade Aumentada;Paraná
;Instituto Federal de Brasília;Grupo transdisciplinar Josué de Castro;24/03/2023;Agrinaldo Jacinto do Nascimento ;Juliana Rocha de Faria Silva;Ciências Exatas e da Terra;Realidade Aumentada;Distrito Federal
;Centro Universitário Adventista de São Paulo;INCLUSÃO DIGITAL E INFORMÁTICA EDUCACIONAL;28/11/2022;Laercio Martins Carpes;Helena Brandão Viana;Ciências Humanas;Realidade Aumentada;São Paulo
;Universidade Federal de Ouro Preto;Indústria 4.0;15/05/2023;Bruno Nazário Coelho;-;Engenharias;Realidade Aumentada;Minas Gerais
;Fundação Oswaldo Cruz;Inovação em Ciência em Animais de Laboratório;24/08/2022;Klena Sarges Marruaz da Silva;Janaína Barcelos Porto Ferreira;Ciências Agrárias;Realidade Aumentada;Distrito Federal
;Universidade de São Paulo;InterLab - Laboratório de Tecnologias Interativas;04/05/2023;Ricardo Nakamura;Ricardo Nakamura;Ciências Exatas e da Terra;Realidade Aumentada;São Paulo
;Universidade do Oeste Paulista;InterVis - Grupo de Pesquisa em Tecnologias Interativas e Visão ;28/02/2023;Leandro Luiz de Almeida;Leandro Luiz de Almeida;Ciências Exatas e da Terra;Realidade Aumentada;São Paulo
;Pontifícia Universidade Católica do Rio Grande do Sul;JEDI - Jogos e Entretenimento Digital Interativo;03/04/2023;André Fagundes Pase;Eduardo Campos Pellanda;Ciências Sociais Aplicadas;Realidade Aumentada;Rio Grande do Sul
;Universidade Estadual do Maranhão;LABORATÓRIO DA HABITAÇÃO E INOVAÇÃO / LABHAB+INOVAÇÃO ;25/04/2023;Erico Peixoto Araujo;Andréa Cristina Soares Cordeiro Duailibe;Ciências Sociais Aplicadas;Realidade Aumentada;Maranhão
;Universidade Federal do Rio de Janeiro;Laboratório de Análise Urbana e Representação Digital - ;26/12/2022;Rodrigo Cury Paraizo;Naylor Barbosa Vilas Boas;Ciências Sociais Aplicadas;Realidade Aumentada;Rio de Janeiro
;Universidade de Fortaleza;Laboratório de Inovação em Tecnologia da Informação;21/11/2022;Jose Eurico de Vasconcelos Filho;José Fernando Rodrigues Ferreira ;Ciências Exatas e da Terra;Realidade Aumentada;Ceará
;Universidade Federal de Santa Catarina;LabTeC -  Laboratório de Tecnologias Computacionais;24/02/2023;Luciana Bolan Frigo;Eliane Pozzebon;Ciências Exatas e da Terra;Realidade Aumentada;Santa Catarina
;Universidade Federal do Pará;LabVIS - Visualização, Interação e Sistemas Inteligentes;27/01/2023;Nelson Cruz Sampaio Neto;Nelson Cruz Sampaio Neto;Ciências Exatas e da Terra;Realidade Aumentada;Pará
;Universidade Federal do Ceará;LED - Laboratório de Experiência Digital: Ensino Pesquisa e Extensão;23/02/2023;Daniel Ribeiro Cardoso;-;Ciências Sociais Aplicadas;Realidade Aumentada;Ceará
;Universidade de Brasília;LISA (Laboratório de Imagens, Sinais e Acústica);26/03/2023;Díbio Leandro Borges;Bruno Luiggi Macchiavello Espinoza;Ciências Exatas e da Terra;Realidade Aumentada;Distrito Federal
;Universidade Luterana do Brasil;NOVAS TECNOLOGIAS PARA PROCESSOS DE ENSINO E ;01/09/2022;Madianita Bogo Marioti;-;Ciências Exatas e da Terra;Realidade Aumentada;Rio Grande do Sul
;Universidade Federal do Maranhão ;Núcleo de Computação Aplicada NCA-UFMA;09/04/2023;Anselmo Cardoso de Paiva;Aristófanes Corrêa Silva;Ciências Exatas e da Terra;Realidade Aumentada;Maranhão
;Instituto Federal Fluminense;Núcleo de Informática na Educação;03/08/2022;Rodrigo Garrett da Costa;Rodrigo Garrett da Costa;Ciências Exatas e da Terra;Realidade Aumentada;Rio de Janeiro
;Instituto Federal Goiano;Núcleo de Pesquisa em Processamento Gráfico e Interação Natural - NuPPGIN;30/05/2022;Alexandre Carvalho Silva;-;Ciências Exatas e da Terra;Realidade Aumentada;Goiás
;Universidade Federal do Paraná;Pesquisa Aplicada em Ciência, Informação e Tecnologia ;28/08/2022;Maria do Carmo Duarte Freitas;Celso Yoshikazu Ishida;Ciências Sociais Aplicadas;Realidade Aumentada;Paraná
;Instituto de Cardiologia do Rio Grande do Sul;Pesquisa e Inovação em Imagem Cardiovascular;07/07/2022;Marcelo Haertel Miglioranza;José Carlos de Araújo Haertel;Ciências da Saúde;Realidade Aumentada;Rio Grande do Sul
;SENAI - Departamento Regional da Bahia;Realidade Virtual, Realidade Aumentada e mundos virtuais para a ;21/07/2022;Ingrid Winkler;Thiago Barros Murari;Ciências Exatas e da Terra;Realidade Aumentada;Bahia
;Universidade Estadual do Piauí;Research on Science Computer;12/02/2023;Dario Brito Calçada;-;Ciências Exatas e da Terra;Realidade Aumentada;Piauí
;Universidade de Passo Fundo;Sistemas Interativos e de Informação - SIN;05/04/2023;Ana Carolina Bertoletti De ;Ana Carolina Bertoletti De Marchi;Ciências Exatas e da Terra;Realidade Aumentada;Rio Grande do Sul
;Centro Universitário Senac;Tecnologia Aplicada;03/09/2022;Marvin Oliver Schneider;-;Ciências Exatas e da Terra;Realidade Aumentada;São Paulo
;Universidade Federal do Espírito Santo;TIP . Tecnologias Integradas ao Projeto;13/07/2022;Jarryer Andrade De Martino;-;Ciências Sociais Aplicadas;Realidade Aumentada;Espírito Santo
;Universidade Federal Rural de Pernambuco;UFRPE-VCL;23/08/2022;Filipe Rolim Cordeiro;-;Ciências Exatas e da Terra;Realidade Aumentada;Pernambuco
;Instituto Federal do Maranhão;Visão Computacional e Aplicações Inteligentes;06/04/2023;Daniel Lima Gomes Júnior;Alex Martins Santos;Ciências Exatas e da Terra;Realidade Aumentada;Maranhão
;Universidade Federal do Amazonas;Visão Computacional e Robótica;04/02/2023;José Pinheiro de Queiroz Neto;José Pinheiro de Queiroz Neto;Ciências Exatas e da Terra;Realidade Aumentada;Amazonas
;Universidade Federal de Pernambuco;VOXAR labs;30/01/2023;Veronica Teichrieb;-;Ciências Exatas e da Terra;Realidade Aumentada;Pernambuco
;Instituto Federal de Santa Catarina;XRAI - Realidade Estendida e Inteligência Artificial;12/04/2023;Sérgio Augusto Bitencourt ;-;Engenharias;Realidade Aumentada;Santa Catarina
;Pontifícia Universidade Católica de São Paulo;GATERME - Grupo de Pesquisa em Games, Aplicativos, Tecnologias de ;15/08/2022;David de Oliveira Lemes;David de Oliveira Lemes;Ciências Exatas e da Terra;Realidade Mista;São Paulo
;Universidade Federal de São Carlos;Abordagem funcional e multiprofissional em Gerontologia;24/04/2023;Juliana Hotta Ansai;Karina Gramani Say;Ciências da Saúde;Realidade Virtual;São Paulo
;Instituto Tecnológico de Aeronáutica;Centro de Competência em Manufatura;06/09/2022;Alfredo Rocha de Faria;-;Engenharias;Realidade Virtual;São Paulo
;Universidade Veiga de Almeida;Engenharia de Produção com Ênfase em Realidade Virtual;09/02/2023;Marco Antonio Ribeiro de Almeida;Márcio Alves Suzano;Engenharias;Realidade Virtual;Rio de Janeiro
;Universidade da Região de Joinville;Engenharia Simultânea;27/04/2023;Claiton Emilio do Amaral;Claiton Emilio do Amaral;Engenharias;Realidade Virtual;Santa Catarina
;ACADEMIA MILITAR DAS AGULHAS NEGRAS (AMAN);ESTUDOS INTERDISCIPLINARES EM SISTEMAS DE SIMULAÇÃO DIGITAL ;24/10/2022;Gildson Borges da Silva;Felipe de Freitas Faulstich;Outra;Realidade Virtual;Rio de Janeiro
;Instituto Federal de Educação, Ciência e Tecnologia do Pará;GRADIENTE DE MODELAGEM MATEMÁTICA E SIMULAÇÃO ;15/04/2023;Edson Costa Cruz;Edson Costa Cruz;Ciências Exatas e da Terra;Realidade Virtual;Pará
;Universidade Estadual do Tocantins;Grupo de Desenvolvimento de Mídias e Sistemas Computacionais;11/05/2023;Arlenes Buzatto Delabary Spada;Silvano Maneck Malfatti;Ciências Humanas;Realidade Virtual;Tocantins
;Universidade Federal Fluminense;Grupo de Estudo em Processo e Prática Avançada de Enfermagem - GEPPAE ;20/09/2022;Ana Carla Dantas Cavalcanti;Rosimere Ferreira Santana';Ciências da Saúde;Realidade Virtual;Rio de Janeiro
;Universidade Estadual de Maringá;Grupo de estudos aplicado à  visualização cartográfica e história ;11/02/2023;Fernando Luiz de Paula Santil;Estevão Pastori Garbin;Ciências Exatas e da Terra;Realidade Virtual;Paraná
;Universidade do Estado da Bahia;Grupo de Estudos em Educação Superior na Área de Saúde;10/04/2023;Hermila Tavares Vilar Guedes;-;Ciências da Saúde;Realidade Virtual;Bahia
;Universidade Estadual de Santa Cruz;GRUPO DE PESQUISA DE INOVAÇÃO TECNOLÓGICA EM AVALIAÇÃO E ;18/04/2023;Paulo Cesar Ribeiro Barbosa;-;Ciências Humanas;Realidade Virtual;Bahia
;Universidade do Estado de Santa Catarina;Grupo de Pesquisa em Informática na Educação - GPIE;22/03/2023;Avanilde Kemczinski;Avanilde Kemczinski;Ciências Exatas e da Terra;Realidade Virtual;Santa Catarina
;Universidade Federal da Paraíba;Grupo de Pesquisa em Inteligência Computacional Aplicada a Engenharia ;03/04/2023;Yuri Percy Molina Rodriguez;Yuri Percy Molina Rodriguez;Engenharias;Realidade Virtual;Paraíba
;Instituto Federal de Educação, Ciência e Tecnologia do Rio de Janeiro;Inovação em Saúde IFRJ;31/03/2023;Ana Carolina de Azevedo Carvalho;Filipe Pereira Mesquita dos Santos;Ciências da Saúde;Realidade Virtual;Rio de Janeiro
;Universidade Federal de Mato Grosso;Laboratório de Ambientes Virtuais Interativos (LAVI) ;20/08/2022;Cristiano Maciel;Cristiano Maciel;Ciências Exatas e da Terra;Realidade Virtual;Mato Grosso
;Instituto Federal do Piauí;Laboratório de Computação Aplicada de Parnaíba - LaCAPa;29/09/2022;Francisco Gerson Amorim de ;-;Ciências Exatas e da Terra;Realidade Virtual;Piauí
;Universidade Federal de Itajubá;Laboratório de Robótica, Sistemas Inteligentes e Complexos - RobSIC;23/03/2023;Sandro Carvalho Izidoro;Sandro Carvalho Izidoro;Ciências Exatas e da Terra;Realidade Virtual;Minas Gerais
;Universidade do Vale do Rio dos Sinos;MoDa - Modelagem Digital de Afloramentos;12/09/2022;Luiz Gonzaga da Silveira Junior;Luiz Gonzaga da Silveira Junior;Ciências Exatas e da Terra;Realidade Virtual;Rio Grande do Sul
;Centro Universitário Euripedes de Marília;NEPI - Núcleo de Estudos e Pesquisas em Direito e Internet;14/12/2022;José Eduardo Lourenço dos ;José Eduardo Lourenço dos Santos;Ciências Sociais Aplicadas;Realidade Virtual;São Paulo
;Atitus Educação;Núcleo de Investigação em Cognição, Emoção e Tecnologias em ;07/10/2022;Camila Rosa de Oliveira;-;Ciências Humanas;Realidade Virtual;Rio Grande do Sul
;Centro Universitário CESMAC;Núcleo de Pesquisa em Robótica;23/07/2022;Pedro Henrique Venske da Rocha;Mozart de Melo Alves Júnior;Ciências Exatas e da Terra;Realidade Virtual;Alagoas
;Universidade Federal do Rio Grande;Robótica e Inteligência Artificial;13/01/2023;Silvia Silva da Costa Botelho;Silvia Silva da Costa Botelho;Engenharias;Realidade Virtual;Rio Grande do Sul
;Universidade Franciscana;Tecnologia e Sistemas em Informática;02/05/2023;Ana Paula Canal;-;Ciências Exatas e da Terra;Realidade Virtual;Rio Grande do Sul
;Universidade Federal do Agreste de Pernambuco;UNAME Research Group;03/03/2023;Jean Carlos Teixeira de Araujo;-;Ciências Exatas e da Terra;Realidade Virtual;Pernambuco
;Universidade Federal de São Paulo;Blockchain: técnicas, ferramentas e aplicações;07/05/2023;Arlindo Flavio da Conceição;Nandamudi Lankalapalli ;Ciências Exatas e da Terra;Blockchain;São Paulo
;Pontifícia Universidade Católica do Paraná;CiberSegurança e Privacidade;17/09/2022;Altair Olivo Santin;Eduardo Kugler Viegas;Ciências Exatas e da Terra;Blockchain;Paraná
;Fundação UNIRG;Direito do Consumidor e Sociedade da Era Digital;19/03/2023;Adriano Fernandes Moreira;-;Ciências Sociais Aplicadas;Blockchain;Tocantins
;Claretiano - Faculdade;Estudo Multidisciplinar de Gestão;28/03/2023;Mateus Colabone Neto;Mateus Colabone Neto;Ciências Sociais Aplicadas;Blockchain;Goiás
;Centro de Estudos e Sistemas Avançados do Recife;GPSDN - Grupo de Pesquisas em Sistemas Distribuídos e Nuvens;19/04/2023;Carlos André Guimarães Ferraz;Carlos André Guimarães Ferraz;Ciências Exatas e da Terra;Blockchain;Pernambuco
;Universidade Federal da Grande Dourados;Grupo de Estudo em Processos Produtivos: Gestão, Projeto, Tecnologia ;12/04/2023;Larissa Diniz Freitas;Larissa Diniz Freitas;Engenharias;Blockchain;Mato Grosso do Sul
;Universidade Regional do Noroeste do Estado do Rio Grande do Sul;Grupo de Pesquisa em Computação Aplicada - GCA;08/07/2022;Rafael Zancan Frantz;Sandro Sawicki;Ciências Exatas e da Terra;Blockchain;Rio Grande do Sul
;Sociedade Educacional de Santa Catarina;Grupo de Segurança e Criptografia - GruSeC;15/06/2022;Mehran Misaghi;-;Ciências Exatas e da Terra;Blockchain;Santa Catarina
;INSTITUTO BRASILEIRO DE ENSINO, DESENVOLVIMENTO E PESQUISA;Núcleo de Direito Digital e Disrupção ND3;18/11/2022;Leandro Oliveira Gobbo;-;Ciências Sociais Aplicadas;Blockchain;Distrito Federal
;Universidade Federal de Campina Grande;Transformação Digital de Processos Industriais;22/09/2022;Heleno Bispo da Silva Junior;Jose Jailson Nicacio Alves;Engenharias;Gêmeo Digital;Paraíba
;Universidade Municipal de São Caetano do Sul;Direito Digital, Mercado e Regulação ;09/03/2023;Gabrielle Jacobi Kölling;-;Ciências Sociais Aplicadas;Metaverso;São Paulo
;Secretaria de Educação do Distrito Federal;Grupo Metaverso (Grupo de Estudos e Pesquisas sobre Inovação em ;04/12/2022;Luciene Pereira;-;Ciências Humanas;Metaverso;Distrito Federal
;Universidade da Integração Internacional da Lusofonia Afro-Brasileira;Grupo de Pesquisa e Extensão em Telecomunicação - GPET;23/03/2023;Sabi Yari Moïse BANDIRI;-;Engenharias;5G;Ceará
;Universidade Federal Rural da Amazônia;Grupo Ubíquas de Inovação Efetiva de Pesquisa, Extensão e Estudo em ;24/05/2023;Allan Douglas Bento da Costa;-;Ciências Exatas e da Terra;5G;Amazonas
;Instituto Nacional de Telecomunicações;Information and Communications Technologies;19/12/2022;Estevan Marcelo Lopes;Estevan Marcelo Lopes;Engenharias;5G;Minas Gerais
;Universidade de Mogi das Cruzes;Análise de Dados em Saúde;30/03/2023;Ricardo da Silva Santos;-;Ciências Exatas e da Terra;Inteligência Artificial;São Paulo
;Departamento de Polícia Federal;Polícia Judiciária e Inteligência Artificial;24/10/2022;Nelson Levy Kneip de Freitas Macedo;Nelson Levy Kneip de Freitas Macedo;Ciências Sociais Aplicadas;Inteligência Artificial;Distrito Federal
;Centro Universitário de Brasília;=ISO Justiça Processual e Desigualdade;15/11/2022;Jefferson Carlos Carús Guedes;-;Ciências Sociais Aplicadas;Inteligência Artificial;Distrito Federal
;Grupo IBMEC;A expansão da tecnologia de inteligência artificial na prestação ;08/02/2023;Michele Pedrosa Paumgartten;-;Ciências Sociais Aplicadas;Inteligência Artificial;Distrito Federal
;INSTITUTO FEDERAL DO PARANA;Análise e Desenvolvimento de Sistemas em Engenharia Biomédica, ;23/03/2023;Ricardo Gouveia Teodoro;-;Engenharias;Inteligência Artificial;Paraná
;Hospital de Clínicas de Porto Alegre;Análises Econômicas em Saúde;13/04/2023;Carísi Anne Polanczyk;-;Ciências da Saúde;Inteligência Artificial;Rio Grande do Sul
;Empresa Brasileira de Pesquisa Agropecuária;Aplicações nanobiotecnológicas de biomoléculas;09/07/2022;Luciano Paulino da Silva;-;Ciências Biológicas;Inteligência Artificial;Distrito Federal
;Universidade Brasil;AUXÍLIO AO DIAGNÓSTICO MÉDICO;16/02/2023;Daniel Souza Ferreira Magalhães;-;Engenharias;Inteligência Artificial;São Paulo
;Universidade de Taubaté;Centro de Energias Renováveis da UNITAU;08/02/2023;Gilberto Fisch;Ederaldo Godoy Júnior;Ciências Exatas e da Terra;Inteligência Artificial;São Paulo
;Universidade La Salle - Canoas;Cidades Inteligentes;24/03/2023;Patricia Kayser Vargas Mangan;Patricia Kayser Vargas Mangan;Ciências Sociais Aplicadas;Inteligência Artificial;Rio Grande do Sul
;Centro Universitário Campo Limpo Paulista;Ciência da Computação;17/03/2023;Marta Ines Velazco Fontova;-;Ciências Exatas e da Terra;Inteligência Artificial;São Paulo
;Universidade Estadual do Centro-Oeste;COMPANAT - Computação Natural e Paralela - Guarapuava;20/12/2022;Sandra Mara Guse Scós Venske;Sandra Mara Guse Scós Venske;Ciências Exatas e da Terra;Inteligência Artificial;Paraná
;Universidade Federal de Pelotas;Computação Aplicada ao Meio Ambiente;23/06/2022;Marilton Sanchotene de ;-;Ciências Exatas e da Terra;Inteligência Artificial;Rio Grande do Sul
;Universidade FUMEC;Computação Quântica e Sistemas de Informação Quânticos;31/03/2023;Joao Victor Boechat Gomide;-;Ciências Exatas e da Terra;Inteligência Artificial;Minas Gerais
;Universidade Federal do Triângulo Mineiro;CubeSat UFTM;17/02/2023;Cláriton Rodrigues Bernadelli;-;Engenharias;Inteligência Artificial;Minas Gerais
;Universidade Anhembi Morumbi;Design_arte computacional: inteligência artificial;01/02/2023;Suzete Venturelli;Gilberto dos Santos Prado;Ciências Sociais Aplicadas;Inteligência Artificial;Goiás
;Faculdades Milton Campos;Digitalização, inteligência artificial e pesquisa jurídica a partir da pandemia;16/12/2022;Carlos Alberto Rohrmann;-;Ciências Sociais Aplicadas;Inteligência Artificial;Minas Gerais
;União Educacional de Cascavel;Direito e Regulações;31/01/2023;Alfredo Copetti Neto;Alfredo Copetti Neto;Ciências Sociais Aplicadas;Inteligência Artificial;Paraná
;Universidade de Santo Amaro;Direitos fundamentais e regime jurídico da saúde ;22/03/2023;Lúcio Flávio Joichi Sunakozawa;Lúcio Flávio Joichi Sunakozawa;Ciências Sociais Aplicadas;Inteligência Artificial;São Paulo
;Universidade Tiradentes;Direitos Fundamentais, Novos Direitos e Evolução Social;18/05/2023;Clara Cardoso Machado ;Carlos Augusto Alcantara Machado;Ciências Sociais Aplicadas;Inteligência Artificial;Pernambuco
;Centro Universitário Internacional;Educação Híbrida e a Distância;25/04/2023;Siderly do Carmo Dahle de Almeida;-;Ciências Humanas;Inteligência Artificial;São Paulo
;Universidade Paulista;Engenharia de Software Aplicada à Criação de Sistemas Críticos;14/09/2022;Marcelo Nogueira;Marcelo Nogueira;Ciências Exatas e da Terra;Inteligência Artificial;São Paulo
;Instituto Stela;Engenharia do Conhecimento aplicada a Gestão de Informação e ;21/11/2022;Denilson Sell;-;Ciências Exatas e da Terra;Inteligência Artificial;Santa Catarina
;Universidade Nove de Julho;Estratégia e Competitividade;14/10/2022;Benny Kramer Costa;Roberto Lima Ruas;Ciências Sociais Aplicadas;Inteligência Artificial;São Paulo
;Instituto para o Desenvolvimento da Educação;Estratégia, Inovação e Tecnologias de apoio à Gestão;28/10/2022;Elnivan Moreira de Souza;-;Ciências Sociais Aplicadas;Inteligência Artificial;Rio Grande do Norte
;Universidade Estadual de Feira de Santana;Finanças Computacionais;12/05/2023;Carlos Alberto Rodrigues;-;Ciências Exatas e da Terra;Inteligência Artificial;Bahia
;Faculdade Jesuíta de Filosofia e Teologia;G-PEB Grupo de Pesquisa em Filosofia do Comportamento Econômico;10/04/2023;Nara Lucia de Melo Lemos Rela;Rogério Antonio Picoli;Ciências Humanas;Inteligência Artificial;Minas Gerais
;Universidade Federal de Viçosa;Genética Quantitativa, Estatística Genômica e BLUP no Melhoramento ;09/03/2023;Cosme Damiao Cruz;Cosme Damiao Cruz;Ciências Agrárias;Inteligência Artificial;Minas Gerais
;Universidade Ibirapuera;Gestão Financeira;22/02/2023;Juliano Augusto Orsi de Araujo;-;Ciências Sociais Aplicadas;Inteligência Artificial;São Paulo
;Hospital Universitário Lauro Wanderley/Ebserh;GPAC- Grupo de Pesquisa em Anomalias Craniofaciais;23/05/2023;Rosa Helena Wanderley Lacerda;-;Ciências da Saúde;Inteligência Artificial;Paraíba
;Universidade Federal do Pampa;GREAT - GRupo de Engenharia da informação Aplicada e Tecnologias ;29/03/2023;Sandra Dutra Piovesan;Sandra Dutra Piovesan;Ciências Exatas e da Terra;Inteligência Artificial;Rio Grande do Sul
;Instituto Federal Catarinense;GrECIA - Grupo de Estudos em Engenharia do Conhecimento e ;10/10/2022;Juliano Tonizetti Brignoli;Daniel Gomes Soares;Ciências Exatas e da Terra;Inteligência Artificial;Santa Catarina
;ADWA CANNABIS PESQUISA E DESENVOLVIMENTO LTDA ;Grupo Brasileiro de Estudos sobre a Cannabis sativa L. (GBEC);06/05/2023;Sérgio Barbosa Ferreira Rocha;Caetano Marciano de Souza;Ciências Agrárias;Inteligência Artificial;Minas Gerais
;Universidade Federal de São João Del-Rei;Grupo de Estudos Aplicados à Engenharia da Computação;02/03/2023;Cristiano Maciel da Silva;Cristiano Maciel da Silva;Ciências Exatas e da Terra;Inteligência Artificial;Minas Gerais
;Universidade Corporativa da Polícia Rodoviária Federal;GRUPO DE ESTUDOS E PESQUISA EM INOVAÇÃO E TRANSFORMAÇÃO - ;11/02/2023;Júlio César de Freitas Taveira;-;Ciências Exatas e da Terra;Inteligência Artificial;Santa Catarina
;Universidade de Caxias do Sul;Grupo de Estudos e Pesquisas em Otimização de Operações e Processos ;21/10/2022;Alexandre Mesquita;Alexandre Mesquita;Engenharias;Inteligência Artificial;Rio Grande do Sul
;Universidade Positivo;Grupo de Inovação Médica;30/04/2023;Thaís Andrade Costa Casagrande;Thaís Andrade Costa Casagrande;Ciências da Saúde;Inteligência Artificial;São Paulo
;Universidade do Vale do Itajaí;Grupo de Inteligência Aplicada;21/05/2023;Rudimar Luís Scaranto Dazzi;Rudimar Luís Scaranto Dazzi;Ciências Exatas e da Terra;Inteligência Artificial;Santa Catarina
;Universidade Estácio de Sá;Grupo de Investigação em Educação online e aprendizagem em rede ;01/04/2023;Andréa Villela Mafra da Silva;-;Ciências Humanas;Inteligência Artificial;Goiás
;Universidade Santa Cecília;Grupo de Lógica Paraconsistente Aplicada em Automação e Robótica;03/04/2023;Alexandre Rocco;Alexandre Rocco;Engenharias;Inteligência Artificial;São Paulo
;Instituto Federal de Educação, Ciência e Tecnologia Baiano;Grupo de Pesquisa em  Computação Aplicada e Interdisciplinar (GPCAI);10/06/2022;Tiago do Carmo Nogueira;-;Ciências Exatas e da Terra;Inteligência Artificial;Bahia
;Instituto Federal Sul-Rio-Grandense;GRUPO DE PESQUISA EM AUTOMAÇÃO E CONTROLE - GPAC;23/03/2023;Gabriel de Borba Luche;Gabriel de Borba Luche;Engenharias;Inteligência Artificial;Rio Grande do Sul
;Fundação Universidade Regional de Blumenau;GRUPO DE PESQUISA EM ENERGIA E TELECOMUNICAÇÕES -GPETEL;17/10/2022;Luiz Henrique Meyer;Thair Ibrahim Abdel Hamid Mustafa;Engenharias;Inteligência Artificial;Santa Catarina
;Fundação Centro de Ciências e Educação Superior à Distância do Estado do RJ;Grupo de pesquisa em Inovação, Tecnologia e Educação (GITE);17/04/2023;Vittorio Leandro Oliveira Lo Bianco;-;Ciências Humanas;Inteligência Artificial;Rio de Janeiro
;Universidade de Marília;Grupo de Pesquisa em Inteligência Artificial Aplicada;23/05/2023;Caio Saraiva Coneglian;-;Ciências Exatas e da Terra;Inteligência Artificial;São Paulo
;Universidade Estadual do Norte Fluminense Darcy Ribeiro;Grupo de Pesquisa em Nutrição Animal e Melhoramento Genético;23/06/2022;Tadeu Silva de Oliveira;Tadeu Silva de Oliveira;Ciências Agrárias;Inteligência Artificial;Rio de Janeiro
;Instituto Federal do Sertão Pernambucano;Grupo de Pesquisa em Redes de computadores, Otimização e ;20/07/2022;Marcelo Anderson Batista dos Santos;-;Ciências Exatas e da Terra;Inteligência Artificial;Pernambuco
;Centro Universitário Sagrado Coração;GRUPO DE PESQUISA MULTIDISCIPLINAR DE ;28/02/2023;Elvio Gilberto da Silva;-;Ciências Exatas e da Terra;Inteligência Artificial;São Paulo
;Universidade Federal dos Vales do Jequitinhonha e Mucuri - Campus JK;Grupo de Quimiometria Analítica;06/11/2022;Paulo Henrique Fidencio;-;Ciências Exatas e da Terra;Inteligência Artificial;Minas Gerais
;Universidade do Vale do Sapucaí;Grupo Multidisciplinar de Inovação Tecnológica em Gestão da Saúde - ;03/05/2023;Flávio Fraga Vilela;-;Engenharias;Inteligência Artificial;Minas Gerais
;Centro Universitário de Belo Horizonte;Health Lab 4.0;28/01/2023;Flávio Henrique Batista de Souza;Flávio Henrique Batista de Souza;Ciências da Saúde;Inteligência Artificial;Minas Gerais
;Universidade Federal do ABC;Heuristics, Analysis and Learning Laboratory;13/01/2023;Fabricio Olivetti de França;-;Ciências Exatas e da Terra;Inteligência Artificial;São Paulo
;Universidade Federal do Cariri;Innovation, Technology and Sustainability Lab (ITSLAB);28/03/2023;Domenico Ceglia;-;Ciências Sociais Aplicadas;Inteligência Artificial;Ceará
;Fundação Centro de Pesquisa e Desenvolvimento em Telecomunicações;Inteligência Artificial - CPQD;28/03/2022;Guilherme Adriano Folego;-;Ciências Exatas e da Terra;Inteligência Artificial;São Paulo
;Complexo Educacional Renato Saraiva;Inteligência artificial, interfaces jurídicas e de segurança humana;13/09/2022;Maria Amália Oliveira de Arruda ;-;Ciências Sociais Aplicadas;Inteligência Artificial;Pernambuco
;Universidade Federal da Integração Latino-Americana;Inteligência Computacional e Inserção Tecnológica;02/09/2022;Joylan Nunes Maciel;Joylan Nunes Maciel;Ciências Exatas e da Terra;Inteligência Artificial;Paraná
;Centro Universitário Autônomo do Brasil;Jurisdição e democracia;18/04/2023;Bruno Meneses Lorenzetto;William Soares Pugliese;Ciências Sociais Aplicadas;Inteligência Artificial;Paraná
;Escola Nacional de Formação e Aperfeiçoamento de Magistrados;Justiça Digital: Tecnologias Disruptivas e Inteligência Artificial no Direito;23/03/2023;Samuel Meira Brasil Jr;-;Ciências Sociais Aplicadas;Inteligência Artificial;Distrito Federal
;Centro Federal de Educação Tecnológica Celso Suckow da Fonseca;Laboratório de Computação Afetiva - LaCAfe;30/12/2022;Gustavo Paiva Guedes e Silva;-;Ciências Exatas e da Terra;Inteligência Artificial;Rio de Janeiro
;Escola Superior de Ciências da Saúde;Laboratorio de Dados para Qualidade do Cuidado e Pesquisa de Desfechos ;03/05/2023;Ana Cláudia Cavalcante ;Ana Cláudia Cavalcante Nogueira;Ciências da Saúde;Inteligência Artificial;Distrito Federal
;Fundação Educacional Lucas Machado;Laboratório de Investigações NeuroCardíacas, Ciências Médicas de ;19/04/2023;Julliane Vasconcelos ;-;Ciências da Saúde;Inteligência Artificial;Minas Gerais
;Universidade Federal da Fronteira Sul;Laboratório de Pesquisa em Gestão, Inovação e Tecnologias em Saúde - ;14/03/2023;Zuleide Maria Ignácio;Zuleide Maria Ignácio;Ciências da Saúde;Inteligência Artificial;Santa Catarina
;Sociedade Educacional Três de Maio;LARCC: Laboratório de Pesquisas Avançadas para Computação em ;13/07/2022;Dalvan Jair Griebler;-;Ciências Exatas e da Terra;Inteligência Artificial;Rio Grande do Sul
;Universidade Católica de Petrópolis;Matemática Aplicada à Computação;23/03/2023;Fabio Lopes Licht;-;Ciências Exatas e da Terra;Inteligência Artificial;Rio de Janeiro
;Universidade Metodista de Piracicaba;Núcleo de Desenvolvimento e Otimização de Processos e Sistemas ;08/03/2023;Alexandre Tadeu Simon;-;Engenharias;Inteligência Artificial;São Paulo
;Centro Universitário Presidente Tancredo de Almeida Neves;Núcleo Interdisciplinar de Pesquisa e Ensino em Saúde (NIPES);11/03/2023;Raissa Neves Fagundes Lima;-;Ciências da Saúde;Inteligência Artificial;Minas Gerais
;Universidade para o Desenvolvimento do Alto Vale do Itajaí;PAEM - Projetos na área de Engenharia Mecânica;04/09/2022;Andreia Pasqualini Blass;-;Engenharias;Inteligência Artificial;Santa Catarina
;Universidade Federal do Vale do São Francisco;Propriedade Intelectual e Inovação em Processos, Produtos e Serviços;12/05/2023;Vivianni Marques Leite dos Santos;-;Engenharias;Inteligência Artificial;Pernambuco
;Universidade Cruzeiro do Sul;Reabilitação Física;11/04/2023;Eduardo Filoni;Eduardo Filoni;Ciências da Saúde;Inteligência Artificial;Goiás
;Universidade Comunitária da Região de Chapecó;Redes e Sistemas de Informação;02/04/2023;Sandro Silva de Oliveira;Viviane Duarte Bonfim;Ciências Exatas e da Terra;Inteligência Artificial;Santa Catarina
;Universidade de Santa Cruz do Sul;Sistemas Computacionais de Apoio à Educação;07/12/2022;Liane Mahlmann Kipper;Liane Mahlmann Kipper;Ciências Exatas e da Terra;Inteligência Artificial;Rio Grande do Sul
;Instituto Federal Farroupilha;Sistemas de Computação;25/04/2023;Árton Pereira Dorneles;Árton Pereira Dorneles;Ciências Exatas e da Terra;Inteligência Artificial;Rio Grande do Sul
;Fundação Universidade Federal de Ciências da Saúde de Porto Alegre;Sistemas Inteligentes Aplicados à Saúde;28/04/2023;Viviane Rodrigues Botelho;Viviane Rodrigues Botelho;Ciências Exatas e da Terra;Inteligência Artificial;Rio Grande do Sul
;Instituto Mauá de Tecnologia;Sistemas Mecatrônicos Inteligentes e Robótica (S.M.I.R.);01/02/2023;Eduardo Lobo Lustosa Cabral;Fernando Silveira Madani;Engenharias;Inteligência Artificial;São Paulo
;Instituto Nacional de Tecnologia;Tecnologia Assistiva e Inclusão;13/04/2023;Júlio Cezar Augusto da Silva;-;Ciências Sociais Aplicadas;Inteligência Artificial;Rio de Janeiro
;Centro Universitário Carioca;Tecnologias Sociais para Popularização da Ciência;04/03/2023;Regina Célia Pereira de Moraes;Marcos Antonio Gomes Xavier;Ciências Humanas;Inteligência Artificial;Rio de Janeiro